[
    {
    "id": 1,
    "title": "Филадельфия хит ролл",
    "itemsInBox": 6,
    "wieght": 180,
    "price": 300,
    "imgSrc": "philadelphia.jpg"        
    },
    {
     "id": 2,
     "title":"Калифорния темпура",
     "itemsInBox": 6,
     "wieght": 205,
     "price": 250,
     "imgSrc":"california-tempura.jpg"   
    },
    {
     "id": 3,
     "title": "Запиченный ролл <<Калифорния>>",
     "itemsInBox":6,
     "wieght": 182,
     "price": 230,
     "imgSrc": "zapech-california.jpg"   
    },
    {
    "id":4,
    "title": "Филадельфия",
    "itemsInBox":6,
    "wieght":230,
    "price":320,
    "imgSrc": "philadelphia.jpg"    
    }
]